name,datetime,tempmax,tempmin,temp,feelslikemax,feelslikemin,feelslike,dew,humidity,precip,precipprob,precipcover,preciptype,snow,snowdepth,windgust,windspeed,winddir,sealevelpressure,cloudcover,visibility,solarradiation,solarenergy,uvindex,severerisk,sunrise,sunset,moonphase,conditions,description,icon,stations
"New York City, New York",2023-01-01,54,50,52,54,47.3,51.9,39.7,64.9,0.014,100,12.5,rain,0,0,21.9,12.4,281.2,1012.2,33.8,9.6,96.4,8.4,4,10,2023-01-01T07:20:12,2023-01-01T16:39:10,0.32,"Rain, Partially cloudy",Becoming cloudy in the afternoon with early morning rain.,rain,"72505394728,KLGA,F8726,KNYC,F1417,72503014732"
"New York City, New York",2023-01-02,56,47,52.3,56,44.7,51.7,39.6,62.3,0.018,100,8.33,rain,0,0,10.3,7.5,265.2,1019.3,55.7,9.6,43.8,3.6,3,10,2023-01-02T07:20:17,2023-01-02T16:40:01,0.35,"Rain, Partially cloudy",Becoming cloudy in the afternoon with late afternoon rain.,rain,"72505394728,KLGA,F8726,KNYC,F1417,72503014732"
"New York City, New York",2023-01-03,55.5,46.2,51.1,55.5,43.9,50.5,47.6,87.9,0.378,100,29.17,rain,0,0,13.9,7.8,97.9,1014.4,90.4,5.4,16.2,1.5,1,10,2023-01-03T07:20:21,2023-01-03T16:40:53,0.39,"Rain, Overcast",Cloudy skies throughout the day with rain in the morning and afternoon.,rain,"72505394728,KLGA,KNYC,F1417,72503014732"
"New York City, New York",2023-01-04,65.7,48.6,57.9,65.7,45.2,57.6,51.5,79.7,0.018,100,16.67,rain,0,0,15,9.5,190.4,1009.9,67.6,8.2,59.1,5.1,3,10,2023-01-04T07:20:22,2023-01-04T16:41:48,0.42,"Rain, Partially cloudy",Partly cloudy throughout the day with rain.,rain,"72505394728,KLGA,F8726,KNYC,F1417,72503014732"
"New York City, New York",2023-01-05,49,44.7,47.3,47.8,39.7,44.6,44.7,90.7,0.018,100,12.5,rain,0,0,9.2,9.5,55.3,1013.4,100,5.9,26.9,2.3,1,10,2023-01-05T07:20:21,2023-01-05T16:42:43,0.46,"Rain, Overcast",Cloudy skies throughout the day with rain.,rain,"72505394728,KLGA,F8726,KNYC,F1417,72503014732"
"New York City, New York",2023-01-06,47.9,40.1,44.3,44.8,34.1,41.1,37.7,78.5,0.266,100,20.83,rain,0,0,23,11.8,323.9,1015.5,93,7.7,31.3,2.8,2,10,2023-01-06T07:20:18,2023-01-06T16:43:40,0.5,"Rain, Overcast",Cloudy skies throughout the day with rain clearing later.,rain,"72505394728,KLGA,KNYC,F1417,72503014732"
"New York City, New York",2023-01-07,44.1,37.4,40.7,40,31.1,35.4,28.1,60.9,0,0,0,,0,0,23,10.1,287.6,1020.6,43.2,9.9,50.8,4.4,3,10,2023-01-07T07:20:12,2023-01-07T16:44:38,0.52,Partially cloudy,Partly cloudy throughout the day.,partly-cloudy-day,"72505394728,KLGA,KNYC,F1417,72503014732"
"New York City, New York",2023-01-08,40.7,33.2,37.4,39.8,27.3,33.2,21.5,53,0,0,0,,0,0,17.2,15,292.8,1024.4,18.7,9.9,86.4,7.4,4,10,2023-01-08T07:20:05,2023-01-08T16:45:38,0.56,Clear,Clear conditions throughout the day.,clear-day,"72505394728,KLGA,F8726,KNYC,F1417,72503014732"
"New York City, New York",2023-01-09,44.1,37.4,39.9,39.6,32.6,36.2,27.1,61.5,0.005,100,4.17,rain,0,0,20.8,11.5,289.1,1014.2,49.1,9.5,97,8.2,5,10,2023-01-09T07:19:55,2023-01-09T16:46:39,0.59,"Rain, Partially cloudy",Clearing in the afternoon with early morning rain.,rain,"72505394728,KLGA,KNYC,F1417,72503014732"
"New York City, New York",2023-01-10,41,38.3,39.7,41,32.3,36.1,24.7,54.7,0,0,0,,0,0,19.5,8.4,301.2,1016.6,87.8,9.8,23.5,1.9,1,10,2023-01-10T07:19:42,2023-01-10T16:47:40,0.63,Partially cloudy,Partly cloudy throughout the day.,partly-cloudy-day,"72505394728,KLGA,KNYC,F1417,72503014732"
"New York City, New York",2023-01-11,39.2,35.1,37.4,37.6,27,32,22.5,54.7,0,0,0,,0,0,18.3,11.2,62.7,1023.2,83.7,9.9,47.2,4,2,10,2023-01-11T07:19:28,2023-01-11T16:48:44,0.66,Partially cloudy,Partly cloudy throughout the day.,partly-cloudy-day,"72505394728,KLGA,F8726,KNYC,F1417,72503014732"
"New York City, New York",2023-01-12,54,36.8,44.6,54,31.2,41.9,39.2,81.6,0.192,100,33.33,rain,0,0,34.4,13.4,94.6,1017.5,100,8.5,16.2,1.5,1,10,2023-01-12T07:19:11,2023-01-12T16:49:48,0.69,"Rain, Overcast",Cloudy skies throughout the day with rain.,rain,"72505394728,KLGA,KNYC,F1417,72503014732"
"New York City, New York",2023-01-13,55.8,38.9,48.9,55.8,31.4,46.4,41.4,75.8,0.162,100,16.67,rain,0,0,36.9,14.6,275.4,1002.2,88.3,9.2,26.6,2.1,2,10,2023-01-13T07:18:52,2023-01-13T16:50:53,0.73,"Rain, Partially cloudy",Partly cloudy throughout the day with rain clearing later.,rain,"72505394728,KLGA,KNYC,F1417,72503014732"
"New York City, New York",2023-01-14,38,32,34.1,30.9,21.1,25.4,22.7,62.9,0,0,0,"rain,snow",0,0,41.4,18.3,359.8,1009.5,99.8,9.2,44.1,3.8,2,10,2023-01-14T07:18:31,2023-01-14T16:51:59,0.75,Overcast,Cloudy skies throughout the day.,cloudy,"72505394728,KLGA,KNYC,F1417,72503014732"
"New York City, New York",2023-01-15,40.7,29.9,34.2,34.3,19,25.1,17.2,50.9,0,0,0,"rain,snow",0,0,42.5,21.9,353.7,1015.3,42.4,9.9,111.7,9.7,5,10,2023-01-15T07:18:07,2023-01-15T16:53:06,0.79,Partially cloudy,Clearing in the afternoon.,partly-cloudy-day,"72505394728,KLGA,KNYC,F1417,72503014732"
"New York City, New York",2023-01-16,47.7,29.5,36.6,44,18.5,29.6,10.7,35.2,0,0,0,"rain,snow",0,0,29.8,17.2,321.2,1011.9,30.9,9.9,116.6,10.1,5,10,2023-01-16T07:17:42,2023-01-16T16:54:13,0.83,Partially cloudy,Clearing in the afternoon.,partly-cloudy-day,"72505394728,KLGA,F8726,KNYC,F1417,72503014732"
"New York City, New York",2023-01-17,47,36,42.1,47,30,39.8,14.9,33.3,0,0,0,"rain,snow",0,0,16.1,9.3,269.6,1005.9,64.4,9.9,49.8,4.3,2,10,2023-01-17T07:17:14,2023-01-17T16:55:22,0.86,Partially cloudy,Partly cloudy throughout the day.,partly-cloudy-day,"D9152,72505394728,KLGA,KNYC,F1417,72503014732"
"New York City, New York",2023-01-18,51.8,43.8,47.8,51.8,39.5,44.7,33.6,58.5,0.048,100,8.33,rain,0,0,30,19,283.3,1008.6,58.8,9.8,73.5,6.4,4,10,2023-01-18T07:16:44,2023-01-18T16:56:31,0.89,"Rain, Partially cloudy",Partly cloudy throughout the day with early morning rain.,rain,"72505394728,KLGA,F8726,KNYC,F1417,72503014732"
"New York City, New York",2023-01-19,45,39.8,41.8,44.1,34.3,38.4,35.3,78.5,0.811,100,62.5,rain,0,0,20.8,9.3,35.9,1012.3,74.3,6.6,10,0.6,0,10,2023-01-19T07:16:12,2023-01-19T16:57:41,0.93,"Rain, Partially cloudy",Partly cloudy throughout the day with rain.,rain,"72505394728,KLGA,F8726,KNYC,F1417,72503014732"
"New York City, New York",2023-01-20,48.6,40.1,44.2,43.5,37.6,40.4,34.1,69.1,0.003,100,4.17,rain,0,0,28.9,16.5,280.7,1005.2,88.2,9.7,60,5.1,4,10,2023-01-20T07:15:38,2023-01-20T16:58:52,0.96,"Rain, Partially cloudy",Partly cloudy throughout the day with early morning rain.,rain,"72505394728,KLGA,F8726,KNYC,F1417,72503014732"
"New York City, New York",2023-01-21,42.8,37.1,38.9,37.7,29.8,34,24.5,56,0,0,0,,0,0,21.9,15.7,320.9,1019.4,97.8,9.9,39.7,3.6,2,10,2023-01-21T07:15:02,2023-01-21T17:00:03,0,Overcast,Cloudy skies throughout the day.,cloudy,"72505394728,KLGA,F8726,KNYC,F1417,72503014732"
"New York City, New York",2023-01-22,41.9,36.3,38.6,41.9,30.9,35,26.8,63.3,0.361,100,29.17,rain,0,0,13.9,10.1,242.1,1018.7,91.4,8.5,47,4.2,3,10,2023-01-22T07:14:24,2023-01-22T17:01:15,0.03,"Rain, Overcast",Cloudy skies throughout the day with rain.,rain,"72505394728,KLGA,F8726,KNYC,F1417,72503014732"
"New York City, New York",2023-01-23,38.9,36,37.6,37,24.9,30.7,32.4,81.8,0.56,100,66.67,rain,0,0,34.9,23,323.3,1003.9,99.4,6.7,20.9,1.8,1,10,2023-01-23T07:13:44,2023-01-23T17:02:27,0.06,"Rain, Overcast",Cloudy skies throughout the day with a chance of rain throughout the day.,rain,"72505394728,KLGA,KNYC,F1417,72503014732"
"New York City, New York",2023-01-24,45.3,35.3,39.6,39.3,27.2,33.7,22.8,50.9,0,0,0,,0,0,31.7,14.2,285.5,1019.6,69.5,9.9,113.5,9.9,6,10,2023-01-24T07:13:01,2023-01-24T17:03:39,0.1,Partially cloudy,Partly cloudy throughout the day.,partly-cloudy-day,"72505394728,KLGA,F8726,KNYC,F1417,72503014732"
"New York City, New York",2023-01-25,53.7,36,40.4,53.7,28.2,36.5,30,67.9,0.816,100,41.67,rain,0,0,36.8,16.1,101.8,1019.4,62.7,7.9,24.4,2.1,1,10,2023-01-25T07:12:17,2023-01-25T17:04:52,0.13,"Rain, Partially cloudy",Becoming cloudy in the afternoon with rain.,rain,"72505394728,KLGA,KNYC,F1417,72503014732"
"New York City, New York",2023-01-26,55.5,41,46.2,55.5,33.8,41.6,33.5,62.7,0.465,100,20.83,rain,0,0,35.9,20.8,260.5,1002.7,90.6,9.2,37.5,3.3,1,10,2023-01-26T07:11:31,2023-01-26T17:06:05,0.16,"Rain, Overcast",Cloudy skies throughout the day with early morning rain.,rain,"72505394728,KLGA,F8726,KNYC,F1417,72503014732"
"New York City, New York",2023-01-27,41.5,36.3,39,37.9,30.4,34.3,22.8,52.4,0,0,0,,0,0,21.9,13,254.4,1018.2,40.2,9.9,68.8,5.9,3,10,2023-01-27T07:10:43,2023-01-27T17:07:19,0.2,Partially cloudy,Becoming cloudy in the afternoon.,partly-cloudy-day,"72505394728,KLGA,F8726,KNYC,F1417,72503014732"
"New York City, New York",2023-01-28,52,37.1,44.2,52,30.9,40.4,23.6,44.3,0.028,100,4.17,rain,0,0,59.7,12.8,241.4,1023.8,27.5,9.9,106.9,9.3,5,10,2023-01-28T07:09:53,2023-01-28T17:08:33,0.25,"Rain, Partially cloudy",Clearing in the afternoon with afternoon rain.,rain,"72505394728,72055399999,KLGA,KJRB,F8726,KNYC,F1417,72503014732"
"New York City, New York",2023-01-29,52.1,43,46.9,52.1,40.3,45.2,30.9,54.2,0,0,0,,0,0,20.3,10.1,255.9,1023.5,36.7,9.9,41,3.5,2,10,2023-01-29T07:09:02,2023-01-29T17:09:47,0.26,Partially cloudy,Becoming cloudy in the afternoon.,partly-cloudy-day,"72505394728,72055399999,KLGA,KJRB,F8726,KNYC,F1417,72503014732"
"New York City, New York",2023-01-30,55.1,41.2,46.9,55.1,38.6,44.9,35.7,65.4,0,0,0,,0,0,19.7,9.1,253.6,1020.8,23.1,9.9,108.1,9.3,5,10,2023-01-30T07:08:08,2023-01-30T17:11:01,0.3,Partially cloudy,Becoming cloudy in the afternoon.,partly-cloudy-day,"72505394728,72055399999,KLGA,KJRB,F8726,KNYC,F1417,72503014732"
"New York City, New York",2023-01-31,47.2,33.9,39.1,44.5,25,34.9,27,63.1,0.013,100,16.67,rain,0,0,49.4,12.6,8.8,1022,99.4,9.9,36.2,3.1,2,10,2023-01-31T07:07:13,2023-01-31T17:12:15,0.33,"Rain, Overcast",Cloudy skies throughout the day with morning rain.,rain,"72505394728,72055399999,KLGA,KJRB,F8726,KNYC,F1417,72503014732"
"New York City, New York",2023-02-01,40.8,28.9,34.1,35.9,19.8,27.9,17.6,53.2,0.002,100,8.33,"rain,snow",0.4,0,29.8,13.4,9.7,1024.6,50.4,9.6,130.2,11.1,6,10,2023-02-01T07:06:16,2023-02-01T17:13:29,0.36,"Snow, Rain, Partially cloudy",Clearing in the afternoon with rain or snow clearing later.,snow,"72505394728,72055399999,KLGA,KJRB,F8726,KNYC,F1417,72503014732"
"New York City, New York",2023-02-02,40.9,29.9,35.2,34.6,24.4,28.7,15.1,44.2,0.009,100,4.17,rain,0,0,54.1,14.5,257.5,1020.2,2.3,9.9,136.5,11.6,6,10,2023-02-02T07:05:17,2023-02-02T17:14:44,0.4,Rain,Clear conditions throughout the day with late afternoon rain.,rain,"72505394728,72055399999,KLGA,KJRB,F8726,KNYC,F1417,72503014732"
"New York City, New York",2023-02-03,35.9,13.9,26.1,31.3,5.3,18.5,7.6,45.5,0.018,100,4.17,snow,0,0,39.4,15.6,286.7,1017.1,33.1,9.9,148.1,12.7,6,10,2023-02-03T07:04:17,2023-02-03T17:15:58,0.43,"Snow, Partially cloudy",Partly cloudy throughout the day with afternoon snow.,rain,"72505394728,72055399999,KLGA,KJRB,KNYC,F1417,72503014732"
"New York City, New York",2023-02-04,26.9,6.4,17,17.2,-10.2,7.3,-0.8,45.7,0,0,0,,0,0,37.8,17.9,262,1034.4,17.5,9.9,146,12.6,6,10,2023-02-04T07:03:15,2023-02-04T17:17:12,0.46,Clear,Clear conditions throughout the day.,clear-day,"72505394728,72055399999,KLGA,KJRB,KNYC,F1417,72503014732"
"New York City, New York",2023-02-05,48.8,26.9,38.3,48.8,16.9,33.4,21.8,52.2,0,0,0,,0,0,41.4,13.2,237.2,1022.6,2.5,9.9,115.8,10,5,10,2023-02-05T07:02:11,2023-02-05T17:18:27,0.5,Clear,Clear conditions throughout the day.,clear-day,"72505394728,72055399999,KLGA,KJRB,F8726,KNYC,F1417,72503014732"
"New York City, New York",2023-02-06,53,37,44,53,32.2,41.7,29.7,57.9,0.018,100,8.33,rain,0,0,45.7,12.5,30.6,1017.1,42.6,9.9,105.8,9.2,6,10,2023-02-06T07:01:06,2023-02-06T17:19:41,0.53,"Rain, Partially cloudy",Partly cloudy throughout the day with afternoon rain.,rain,"72505394728,72055399999,KLGA,KJRB,F8726,KNYC,F1417,72503014732"
"New York City, New York",2023-02-07,42.1,33,37.4,38.8,25,32.1,25,61.1,0.001,100,4.17,rain,0,0,44.7,15.6,144.7,1025.7,16.5,9.9,102,8.8,5,10,2023-02-07T06:59:59,2023-02-07T17:20:55,0.57,Rain,Clear conditions throughout the day with late afternoon rain.,rain,"72505394728,72055399999,KLGA,KJRB,KNYC,F1417,72503014732"
"New York City, New York",2023-02-08,55.8,38.1,46.1,55.8,33,43.9,29.9,56.4,0.019,100,12.5,rain,0,0,41.4,10.2,268.8,1022.6,13.7,9.8,148.3,12.8,6,10,2023-02-08T06:58:51,2023-02-08T17:22:09,0.6,Rain,Clear conditions throughout the day with a chance of rain throughout the day.,rain,"72505394728,72055399999,KLGA,KJRB,KNYC,F1417,72503014732"
"New York City, New York",2023-02-09,53.1,39.1,46.3,53.1,36.9,45.1,36.8,69.7,0,0,0,,0,0,55.7,9.2,155.2,1021.3,65.6,9.9,30.9,2.6,1,10,2023-02-09T06:57:41,2023-02-09T17:23:23,0.64,Partially cloudy,Partly cloudy throughout the day.,partly-cloudy-day,"72505394728,72055399999,KLGA,KJRB,KNYC,F1417,72503014732"
"New York City, New York",2023-02-10,60,46.2,54.9,60,42,54.3,36.9,52.9,0,0,0,,0,0,46.4,13.5,266.7,1012.2,16.8,9.8,151.7,13,6,10,2023-02-10T06:56:30,2023-02-10T17:24:37,0.67,Clear,Clear conditions throughout the day.,clear-day,"72505394728,72055399999,KLGA,KJRB,KNYC,F1417,72503014732"
"New York City, New York",2023-02-11,48.6,38,42.8,45.5,32.6,39.2,20.6,41.7,0,0,0,,0,0,31.1,12.5,277.5,1023.9,9.7,9.9,159.8,13.6,6,10,2023-02-11T06:55:17,2023-02-11T17:25:50,0.7,Clear,Clear conditions throughout the day.,clear-day,"72505394728,72055399999,KLGA,KJRB,KNYC,F1417,72503014732"
"New York City, New York",2023-02-12,46.2,36.2,41.3,46.2,32.2,37.7,25.5,54.1,0.001,100,4.17,rain,0,0,19.5,14.7,352.6,1018.2,25,9.9,69.9,6,3,10,2023-02-12T06:54:04,2023-02-12T17:27:04,0.74,"Rain, Partially cloudy",Partly cloudy throughout the day with late afternoon rain.,rain,"72505394728,72055399999,KLGA,KJRB,F8726,KNYC,F1417,72503014732"
"New York City, New York",2023-02-13,56.9,41,48.3,56.9,33.6,46,20.2,34,0.009,100,4.17,rain,0,0,41.4,15.8,308.5,1003.4,38.4,9.9,152.5,12.9,6,10,2023-02-13T06:52:48,2023-02-13T17:28:17,0.75,"Rain, Partially cloudy",Clearing in the afternoon with early morning rain.,rain,"72505394728,72055399999,KLGA,KJRB,F8726,KNYC,F1417,72503014732"
"New York City, New York",2023-02-14,55,42.1,48,55,38.9,47.2,23.9,39,0,0,0,,0,0,36.7,9.4,272,1016.5,0.4,9.9,169.3,14.7,7,10,2023-02-14T06:51:32,2023-02-14T17:29:30,0.81,Clear,Clear conditions throughout the day.,clear-day,"72505394728,72055399999,KLGA,KJRB,KNYC,F1417,72503014732"
"New York City, New York",2023-02-15,64.1,45.1,54,64.1,42.8,53.4,35.4,50,0.009,100,4.17,rain,0,0,49.4,13.4,246.1,1017.4,10.9,9.9,100.5,8.5,5,10,2023-02-15T06:50:14,2023-02-15T17:30:42,0.84,Rain,Clear conditions throughout the day with afternoon rain.,rain,"72505394728,72055399999,KLGA,KJRB,F8726,KNYC,F1417,72503014732"
"New York City, New York",2023-02-16,62.4,51.6,56.3,62.4,51.6,56.3,43.5,63.4,0.05,100,12.5,rain,0,0,24.2,8.3,262.9,1014.9,35.7,9.8,74.2,6.4,4,10,2023-02-16T06:48:55,2023-02-16T17:31:55,0.88,"Rain, Partially cloudy",Becoming cloudy in the afternoon with rain.,rain,"72505394728,72055399999,KLGA,KJRB,KNYC,F1417,72503014732"
"New York City, New York",2023-02-17,61.1,34,51.2,61.1,28.4,49.7,43.2,74.6,0.162,100,29.17,rain,0,0,35.8,13.1,265,1005.7,84.3,8.9,19.8,1.7,1,10,2023-02-17T06:47:35,2023-02-17T17:33:07,0.91,"Rain, Partially cloudy",Partly cloudy throughout the day with rain.,rain,"72505394728,72055399999,KLGA,KJRB,F8726,KNYC,F1417,72503014732"
"New York City, New York",2023-02-18,44.8,29,36.6,39.2,24.6,31.4,17,45.6,0.009,100,4.17,rain,0,0,44.3,11.4,262.4,1025.6,23.5,9.9,177.8,15.3,7,10,2023-02-18T06:46:14,2023-02-18T17:34:19,0.95,"Rain, Partially cloudy",Partly cloudy throughout the day with morning rain.,rain,"72505394728,72055399999,KLGA,KJRB,KNYC,F1417,72503014732"
"New York City, New York",2023-02-19,48.8,37.2,42.2,45,31.1,38.1,29.7,61.3,0,0,0,,0,0,34.4,23,209.5,1024.5,2.6,9.9,107.5,9.1,4,10,2023-02-19T06:44:52,2023-02-19T17:35:30,0.98,Clear,Clear conditions throughout the day.,clear-day,"72505394728,72055399999,KLGA,KJRB,KNYC,F1417,72503014732"
"New York City, New York",2023-02-20,61.1,45.1,50.7,61.1,40.8,48.9,38.2,65.7,0,0,0,,0,0,21.9,13.9,271.3,1007.3,41.5,9.8,95.4,8.4,6,10,2023-02-20T06:43:28,2023-02-20T17:36:42,0,Partially cloudy,Partly cloudy throughout the day.,partly-cloudy-day,"72505394728,72055399999,KLGA,KJRB,KNYC,F1417,72503014732"
"New York City, New York",2023-02-21,51.1,38,43,51.1,29.4,39.2,35,74.6,0.08,100,33.33,rain,0,0,23,14.7,36.4,1005.1,73.2,9.8,47.1,4.1,3,10,2023-02-21T06:42:04,2023-02-21T17:37:52,0.05,"Rain, Partially cloudy",Partly cloudy throughout the day with a chance of rain throughout the day.,rain,"72505394728,72055399999,KLGA,KJRB,F8726,KNYC,F1417,72503014732"
"New York City, New York",2023-02-22,43.1,38,40.5,43,29.7,36.9,27.8,62.1,0.102,100,16.67,rain,0,0,41.4,13.6,22.9,1018.4,57.7,9.8,50,4.1,3,10,2023-02-22T06:40:38,2023-02-22T17:39:03,0.08,"Rain, Partially cloudy",Partly cloudy throughout the day with rain in the morning and afternoon.,rain,"72505394728,72055399999,KLGA,KJRB,F8726,KNYC,F1417,72503014732"
"New York City, New York",2023-02-23,43.1,38.9,40.5,38.9,30.5,34.5,37.3,88.3,0.002,100,8.33,rain,0,0,20.8,14.9,56.1,1013.4,100,9.2,40,3.3,2,10,2023-02-23T06:39:12,2023-02-23T17:40:14,0.11,"Rain, Overcast",Cloudy skies throughout the day with early morning rain.,rain,"72505394728,72055399999,KLGA,KJRB,KNYC,F1417,72503014732"
"New York City, New York",2023-02-24,46.9,28.9,41.2,44.7,24.5,37.8,25.2,56.8,0,0,0,,0,0,36.1,8.7,306.5,1022.9,46.9,8.5,141.4,12.3,6,10,2023-02-24T06:37:45,2023-02-24T17:41:24,0.14,Partially cloudy,Partly cloudy throughout the day.,partly-cloudy-day,"72505394728,72055399999,KLGA,KJRB,KNYC,F1417,72503014732"
"New York City, New York",2023-02-25,33.2,25,29.2,29.8,17.5,23.8,17,60,0,0,0,,0.2,0,21.9,7.9,145.8,1029.5,57.1,9.8,68.9,6.1,2,10,2023-02-25T06:36:16,2023-02-25T17:42:33,0.18,Partially cloudy,Partly cloudy throughout the day.,snow,"72505394728,72055399999,KLGA,KJRB,KNYC,F1417,72503014732"
"New York City, New York",2023-02-26,52,30.8,38.8,52,23.4,33.9,27,63.9,0.037,100,4.17,rain,0,0,30.4,15.6,260.2,1013.5,27.5,9.8,100.5,8.7,6,10,2023-02-26T06:34:47,2023-02-26T17:43:43,0.21,"Rain, Partially cloudy",Partly cloudy throughout the day with afternoon rain.,rain,"72505394728,72055399999,KLGA,KJRB,KNYC,F1417,72503014732"
"New York City, New York",2023-02-27,44,34.9,38.9,42.9,25.8,34.1,23.7,55.5,0.032,100,12.5,"rain,snow",0,0.1,29.2,14.7,84.4,1013.6,36.9,9.3,166.5,14.3,7,10,2023-02-27T06:33:18,2023-02-27T17:44:52,0.25,"Snow, Rain, Partially cloudy",Partly cloudy throughout the day with late afternoon rain or snow.,rain,"72505394728,72055399999,KLGA,KJRB,KNYC,F1417,72503014732"
"New York City, New York",2023-02-28,38,33.7,35.9,37.1,22.2,29.1,34.1,93.1,0.043,100,50,"rain,snow",2.8,2.3,27.8,20.5,30.2,1008.2,83.8,8.1,32.9,2.7,1,10,2023-02-28T06:31:47,2023-02-28T17:46:01,0.28,"Snow, Rain, Partially cloudy",Partly cloudy throughout the day with a chance of rain or snow throughout the day.,snow,"72505394728,72055399999,KLGA,KJRB,KNYC,F1417,72503014732"
"New York City, New York",2023-03-01,43.8,35.8,40.4,41.1,29.9,35.3,31.3,70.8,0.009,100,4.17,rain,0,0.7,17.4,11.5,94.2,1019,51.3,9.5,134.3,11.7,7,10,2023-03-01T06:30:16,2023-03-01T17:47:09,0.31,"Rain, Partially cloudy",Becoming cloudy in the afternoon with afternoon rain.,rain,"72505394728,72055399999,KLGA,KJRB,KNYC,F1417,72503014732"
"New York City, New York",2023-03-02,53.1,39.8,44.9,53.1,33.9,42.3,36.7,75.8,0,0,0,,0,0,34.3,12.4,355,1007,60.5,6.7,80.8,7.1,5,10,2023-03-02T06:28:44,2023-03-02T17:48:17,0.34,Partially cloudy,Partly cloudy throughout the day.,partly-cloudy-day,"72505394728,72055399999,KLGA,KJRB,KNYC,F1417,72503014732"
"New York City, New York",2023-03-03,45.6,38,41.3,44.3,31.4,36.7,28,60.3,0.06,100,16.67,rain,0,0,35.6,20.3,58.4,1015.4,38.8,9.8,112.6,9.7,6,10,2023-03-03T06:27:11,2023-03-03T17:49:25,0.37,"Rain, Partially cloudy",Becoming cloudy in the afternoon with rain.,rain,"72505394728,72055399999,KLGA,KJRB,KNYC,F1417,72503014732"
"New York City, New York",2023-03-04,46.9,39.8,42.8,44.9,32.7,38.2,37.2,81.2,0.454,100,41.67,rain,0,0,41.2,28.3,24.6,1002.4,99.8,8.7,71,6.1,4,10,2023-03-04T06:25:37,2023-03-04T17:50:33,0.41,"Rain, Overcast",Cloudy skies throughout the day with rain clearing later.,rain,"72505394728,72055399999,KLGA,KJRB,KNYC,F1417,72503014732"
"New York City, New York",2023-03-05,53.9,38.9,45.3,53.9,33.9,43.2,28.7,53.2,0,0,0,,0,0,34.4,10.3,288.7,1019.8,46.6,9.9,154.6,13.4,7,10,2023-03-05T06:24:03,2023-03-05T17:51:40,0.44,Partially cloudy,Partly cloudy throughout the day.,partly-cloudy-day,"72505394728,72055399999,KLGA,KJRB,KNYC,F1417,72503014732"
"New York City, New York",2023-03-06,53.8,39.8,46.6,53.8,34.4,44.7,23.1,41.1,0,0,0,,0,0,45.4,11.2,290.9,1018.7,19.4,9.9,177.3,15.3,6,10,2023-03-06T06:22:29,2023-03-06T17:52:47,0.47,Clear,Clear conditions throughout the day.,clear-day,"72505394728,72055399999,KLGA,KJRB,KNYC,F1417,72503014732"
"New York City, New York",2023-03-07,48.7,34,40.6,46.3,28.2,36.8,22,51.2,0.059,100,25,"rain,snow",0.8,0.2,39.4,14.9,307.2,1011.2,66.7,9.6,199.2,17.3,8,10,2023-03-07T06:20:54,2023-03-07T17:53:54,0.5,"Snow, Rain, Partially cloudy",Clearing in the afternoon with a chance of rain or snow throughout the day.,snow,"72505394728,72055399999,KLGA,KJRB,KNYC,F1417,72503014732"
"New York City, New York",2023-03-08,48.7,32,39.8,47.7,26,36.2,23,51.3,0,0,0,,0,0,37.8,9.6,326.5,1020.5,17.4,9.9,213,18.3,8,10,2023-03-08T06:19:18,2023-03-08T17:55:01,0.54,Clear,Clear conditions throughout the day.,clear-day,"72505394728,72055399999,KLGA,KJRB,F8726,KNYC,F1417,72503014732"
"New York City, New York",2023-03-09,53.8,34.3,42.6,53.8,26.2,39.6,26.3,53.2,0.018,100,4.17,rain,0,0,36.8,12.5,5.3,1021.7,14.3,9.9,218.5,18.8,8,10,2023-03-09T06:17:42,2023-03-09T17:56:07,0.58,Rain,Clear conditions throughout the day with morning rain.,rain,"72505394728,72055399999,KLGA,KJRB,F8726,KNYC,F1417,72503014732"
"New York City, New York",2023-03-10,44.9,37.9,41.4,44.9,30.6,37,31.3,67.7,0.018,100,16.67,rain,0,0,41.4,11,62.4,1015,62.4,9.8,79.1,6.7,4,10,2023-03-10T06:16:05,2023-03-10T17:57:13,0.61,"Rain, Partially cloudy",Partly cloudy throughout the day with late afternoon rain.,rain,"72505394728,72055399999,KLGA,KJRB,F8726,KNYC,F1417,72503014732"
"New York City, New York",2023-03-11,44.8,37,40.8,41.5,31.7,36.2,34.7,80.3,0.027,100,45.83,rain,0,0,27.5,11.6,26.5,1008.3,97,9.7,64.7,5.7,4,10,2023-03-11T06:14:28,2023-03-11T17:58:19,0.65,"Rain, Overcast",Cloudy skies throughout the day with rain clearing later.,rain,"72505394728,72055399999,KLGA,KJRB,KNYC,F1417,72503014732"
"New York City, New York",2023-03-12,47,35,40.6,44.8,30.1,36.6,27.5,60.5,0,0,0,,0,0,31.1,8.9,85.9,1016.7,12.9,9.9,155.2,12.9,5,10,2023-03-12T07:12:51,2023-03-12T18:59:24,0.68,Clear,Clear conditions throughout the day.,clear-day,"72505394728,72055399999,KLGA,KJRB,F8726,KNYC,F1417,72503014732"
"New York City, New York",2023-03-13,44.3,38.9,41.3,40.3,33.4,36.4,37.1,85.2,0.432,100,70.83,rain,0,0,26.4,15.1,63.7,1012,100,5.6,35.3,2.9,1,10,2023-03-13T07:11:13,2023-03-13T19:00:30,0.72,"Rain, Overcast",Cloudy skies throughout the day with a chance of rain throughout the day.,rain,"72505394728,72055399999,KLGA,KJRB,KNYC,F1417,72503014732"
"New York City, New York",2023-03-14,39,33.7,35.8,39,24.2,27.6,29.6,78.3,0.349,100,37.5,"rain,snow",0.6,0,33.1,19.5,286.5,1000.7,97.8,6.3,56.7,4.8,3,10,2023-03-14T07:09:35,2023-03-14T19:01:35,0.75,"Snow, Rain, Overcast",Cloudy skies throughout the day with a chance of rain or snow throughout the day.,snow,"72505394728,KLGA,F8726,KNYC,F1417,72503014732"
"New York City, New York",2023-03-15,44.3,34.3,38.4,37,23.5,29.3,19.9,47.8,0,0,0,,0,0,39.9,22.4,301.8,1008.8,27.3,9.9,215,18.7,8,10,2023-03-15T07:07:57,2023-03-15T19:02:40,0.79,Partially cloudy,Becoming cloudy in the afternoon.,partly-cloudy-day,"72505394728,KLGA,F8726,KNYC,F1417,72503014732"
"New York City, New York",2023-03-16,58.1,35.3,45.4,58.1,28.3,41.9,14,28.3,0,0,0,,0,0,28.9,13.3,286.4,1015.7,12.2,9.9,194.8,16.7,8,10,2023-03-16T07:06:18,2023-03-16T19:03:44,0.82,Clear,Clear conditions throughout the day.,clear-day,"72505394728,KLGA,KNYC,F1417,72503014732"
"New York City, New York",2023-03-17,58.7,47.1,52.8,58.7,45.2,52.6,28,39.2,0,0,0,,0,0,20.8,13.5,213.1,1006.7,53.1,9.9,128.8,11.2,6,10,2023-03-17T07:04:40,2023-03-17T19:04:49,0.86,Partially cloudy,Partly cloudy throughout the day.,partly-cloudy-day,"72505394728,72055399999,KLGA,KJRB,KNYC,F1417,72503014732"
"New York City, New York",2023-03-18,56.9,43.1,49.1,56.9,38.7,47.5,27.2,44.3,0.002,100,8.33,rain,0,0,50.1,19.1,271.9,1006,38,9.9,227.6,19.7,8,10,2023-03-18T07:03:01,2023-03-18T19:05:53,0.89,"Rain, Partially cloudy",Clearing in the afternoon with early morning rain.,rain,"72505394728,72055399999,KLGA,KJRB,F8726,KNYC,F1417,72503014732"
"New York City, New York",2023-03-19,43.1,30.8,37.2,38.8,22,31,13.3,37.5,0,0,0,,0,0,31.7,15.3,270.5,1016.2,21.2,9.9,255.8,22.1,9,10,2023-03-19T07:01:22,2023-03-19T19:06:57,0.93,Partially cloudy,Partly cloudy throughout the day.,partly-cloudy-day,"72505394728,72055399999,KLGA,KJRB,F8726,KNYC,F1417,72503014732"
"New York City, New York",2023-03-20,50,32,41,50,25.5,36.4,19.6,42.8,0,0,0,,0,0,34.8,10.9,246.1,1025.1,0.1,9.9,239.8,20.6,8,10,2023-03-20T06:59:42,2023-03-20T19:08:01,0.96,Clear,Clear conditions throughout the day.,clear-day,"72505394728,72055399999,KLGA,KJRB,F8726,KNYC,F1417,72503014732"
"New York City, New York",2023-03-21,62,38.2,49.9,62,33.2,48,21.2,35,0,0,0,,0,0,35.7,13.8,256.2,1027.6,0.6,9.9,244.9,21.1,8,10,2023-03-21T06:58:03,2023-03-21T19:09:05,0,Clear,Clear conditions throughout the day.,clear-day,"72505394728,72055399999,KLGA,KJRB,F8726,KNYC,F1417,72503014732"
"New York City, New York",2023-03-22,60.2,45.2,50.8,60.2,42.7,49.7,31.7,50,0,0,0,,0,0,34.4,8.8,228.9,1026.9,27.3,9.9,195.6,16.9,8,10,2023-03-22T06:56:23,2023-03-22T19:10:09,0.03,Partially cloudy,Becoming cloudy in the afternoon.,partly-cloudy-day,"72505394728,72055399999,KLGA,KJRB,F8726,KNYC,F1417,72503014732"
"New York City, New York",2023-03-23,57.1,47.1,52.2,57.1,44.3,52,47.2,83.2,0.005,100,12.5,rain,0,0,53.9,11.1,262.5,1014,65.5,9.2,59.7,5.1,2,10,2023-03-23T06:54:44,2023-03-23T19:11:13,0.06,"Rain, Partially cloudy",Partly cloudy throughout the day with afternoon rain.,rain,"72505394728,72055399999,KLGA,KJRB,F8726,KNYC,F1417,72503014732"
"New York City, New York",2023-03-24,57,44.1,49.5,57,39,48.4,32.1,51.7,0,0,0,,0,0,43.6,9.1,292,1014.3,36.4,9.9,119.4,10.4,5,10,2023-03-24T06:53:05,2023-03-24T19:12:16,0.1,Partially cloudy,Partly cloudy throughout the day.,partly-cloudy-day,"72505394728,72055399999,KLGA,KJRB,F8726,KNYC,F1417,72503014732"
"New York City, New York",2023-03-25,47.1,43,44.1,42.4,34.2,37.2,36.3,76,0.01,100,33.33,rain,0,0,31.8,21.2,51.5,1013.8,78.7,8.5,16.2,1.4,1,10,2023-03-25T06:51:25,2023-03-25T19:13:20,0.13,"Rain, Partially cloudy",Partly cloudy throughout the day with rain.,rain,"72505394728,72055399999,KLGA,KJRB,F8726,KNYC,F1417,72503014732"
"New York City, New York",2023-03-26,62.9,44,52.5,62.9,39,51.3,31.8,52.7,0,0,0,,0,0,28.4,14.7,268.6,1011.6,25.7,8.4,255.3,21.8,9,10,2023-03-26T06:49:46,2023-03-26T19:14:23,0.16,Partially cloudy,Partly cloudy throughout the day.,partly-cloudy-day,"72505394728,72055399999,KLGA,KJRB,KNYC,F1417,72503014732"
"New York City, New York",2023-03-27,57.8,44.9,50.6,57.8,38.3,49,30.3,48.8,0.017,100,16.67,rain,0,0,19.5,14.6,58.8,1016.3,41.2,9.9,173.8,15.1,8,10,2023-03-27T06:48:06,2023-03-27T19:15:26,0.19,"Rain, Partially cloudy",Becoming cloudy in the afternoon with late afternoon rain.,rain,"72505394728,72055399999,KLGA,KJRB,F8726,KNYC,F1417,72503014732"
"New York City, New York",2023-03-28,52,43.9,47.2,52,38.6,45.5,33.3,61.3,0,0,0,,0,0,44.2,10.1,1.3,1018.2,85,9.9,116.2,10,5,10,2023-03-28T06:46:27,2023-03-28T19:16:29,0.25,Partially cloudy,Partly cloudy throughout the day.,partly-cloudy-day,"72505394728,72055399999,KLGA,KJRB,F8726,KNYC,F1417,72503014732"
"New York City, New York",2023-03-29,55.1,42,46.7,55.1,37.6,44,24.8,44,0,0,0,,0,0,36.4,10.4,256.4,1020,1.9,9.9,252.5,21.9,9,10,2023-03-29T06:44:48,2023-03-29T19:17:32,0.26,Clear,Clear conditions throughout the day.,clear-day,"72505394728,72055399999,KLGA,KJRB,KNYC,F1417,72503014732"
"New York City, New York",2023-03-30,48.6,33,41.1,47.7,27.4,37.5,17.2,40.5,0.001,100,4.17,rain,0,0,50.6,10.4,280,1024.7,14.4,9.9,267.1,22.9,9,10,2023-03-30T06:43:09,2023-03-30T19:18:35,0.29,Rain,Clear conditions throughout the day with early morning rain.,rain,"72505394728,72055399999,KLGA,KJRB,KNYC,F1417,72503014732"
"New York City, New York",2023-03-31,55,38.9,45.9,55,34.1,43.4,31,56.6,0,0,0,,0,0,35.6,12.5,210.5,1023.4,62.5,9.9,139.1,12,6,10,2023-03-31T06:41:30,2023-03-31T19:19:38,0.32,Partially cloudy,Partly cloudy throughout the day.,partly-cloudy-day,"72505394728,72055399999,KLGA,KJRB,F8726,KNYC,F1417,72503014732"
"New York City, New York",2023-04-01,68.1,54.2,59.2,68.1,54.2,59.2,49.4,71.6,0.022,100,25,rain,0,0,38,15.8,263.6,1000.9,78,9.8,120.3,10.2,7,10,2023-04-01T06:39:52,2023-04-01T19:20:41,0.35,"Rain, Partially cloudy",Partly cloudy throughout the day with rain.,rain,"72505394728,72055399999,KLGA,KJRB,KNYC,F1417,72503014732"
"New York City, New York",2023-04-02,53.8,42,48.4,53.8,38.5,47.3,21,36.8,0.001,100,4.17,rain,0,0,47.3,10.3,293.8,1011.5,27.2,9.9,275.2,24,9,10,2023-04-02T06:38:14,2023-04-02T19:21:44,0.39,"Rain, Partially cloudy",Clearing in the afternoon with early morning rain.,rain,"72505394728,72055399999,KLGA,KJRB,KNYC,F1417,72503014732"
"New York City, New York",2023-04-03,57,39.8,48.4,57,34.7,46.2,28.9,47.5,0,0,0,,0,0,37.7,13.5,161,1019.7,0.6,9.8,253,21.9,9,10,2023-04-03T06:36:36,2023-04-03T19:22:47,0.42,Clear,Clear conditions throughout the day.,clear-day,"72505394728,72055399999,KLGA,KJRB,KNYC,F1417,72503014732"
"New York City, New York",2023-04-04,69.3,47.9,58.7,69.3,44.3,58.2,48.5,69.8,0,0,0,,0,0,36.7,7.8,25.2,1017,22.4,9.8,234.5,20.1,8,10,2023-04-04T06:34:58,2023-04-04T19:23:50,0.45,Partially cloudy,Partly cloudy throughout the day.,partly-cloudy-day,"72505394728,72055399999,KLGA,KJRB,KNYC,F1417,72503014732"
"New York City, New York",2023-04-05,55.3,46.5,50.8,55.3,42.5,49.3,48.5,91.8,0,0,0,,0,0,24.8,18.2,43.3,1022.8,91.8,5.8,42.6,3.6,1,10,2023-04-05T06:33:21,2023-04-05T19:24:53,0.48,Overcast,Cloudy skies throughout the day.,cloudy,"72505394728,72055399999,KLGA,KJRB,F8726,KNYC,F1417,72503014732"
"New York City, New York",2023-04-06,76,46.1,58,76,41.8,57.2,49.1,74.8,0,0,0,,0,0,47.2,8.7,1.6,1019.9,78.7,5.7,143.4,12.5,6,10,2023-04-06T06:31:44,2023-04-06T19:25:55,0.5,Partially cloudy,Partly cloudy throughout the day.,partly-cloudy-day,"72505394728,72055399999,KLGA,KJRB,F8726,KNYC,F1417,72503014732"
"New York City, New York",2023-04-07,60.8,46.1,54,60.8,44.8,53.9,23.8,31.7,0,0,0,,0,0,40.2,11.5,300.4,1026.5,36.8,9.9,89.8,7.7,3,10,2023-04-07T06:30:08,2023-04-07T19:26:58,0.55,Partially cloudy,Clearing in the afternoon.,partly-cloudy-day,"72505394728,72055399999,KLGA,KJRB,KNYC,F1417,72503014732"
"New York City, New York",2023-04-08,52.1,38.3,45.4,52.1,32.5,43.1,20.1,36.7,0,0,0,,0,0,24.2,13.9,320.6,1031.8,15.3,9.9,228.1,19.8,8,10,2023-04-08T06:28:32,2023-04-08T19:28:01,0.59,Clear,Clear conditions throughout the day.,clear-day,"D9152,72505394728,72055399999,KLGA,KJRB,KNYC,F1417,72503014732"
"New York City, New York",2023-04-09,55,42.1,47.2,55,38.9,45.5,27.9,47.7,0,0,0,,0,0,25.3,14.9,102.8,1032.5,6.4,9.9,279.4,24.1,9,10,2023-04-09T06:26:56,2023-04-09T19:29:04,0.62,Clear,Clear conditions throughout the day.,clear-day,"72505394728,72055399999,KLGA,KJRB,KNYC,F1417,72503014732"
"New York City, New York",2023-04-10,64.2,42.2,52.4,64.2,37.9,51,32.6,49.7,0,0,0,,0,0,43.6,10.4,228,1030.2,0.5,9.9,277.4,23.8,9,10,2023-04-10T06:25:21,2023-04-10T19:30:07,0.66,Clear,Clear conditions throughout the day.,clear-day,"72505394728,72055399999,KLGA,KJRB,KNYC,F1417,72503014732"
"New York City, New York",2023-04-11,71.2,48.2,60.6,71.2,47.2,60.4,30.4,34.3,0,0,0,,0,0,28.9,16.9,262,1020.2,1.2,9.9,237.3,20.5,9,10,2023-04-11T06:23:47,2023-04-11T19:31:10,0.7,Clear,Clear conditions throughout the day.,clear-day,"D9152,72505394728,72055399999,KLGA,KJRB,KNYC,F1417,72503014732"
"New York City, New York",2023-04-12,83.4,63.1,72.6,80.7,63.1,72.1,36.1,27,0,0,0,,0,0,33.3,11.6,274.3,1010.7,2.8,9.9,256.6,22.3,9,10,2023-04-12T06:22:13,2023-04-12T19:32:12,0.73,Clear,Clear conditions throughout the day.,clear-day,"72505394728,72055399999,KLGA,KJRB,KNYC,F1417,72503014732"
"New York City, New York",2023-04-13,84.2,67.4,76.3,81.7,67.4,75.6,42.9,30.8,0,0,0,,0,0,35.6,11.5,262.4,1010.6,0.1,9.9,279.3,24.2,9,10,2023-04-13T06:20:39,2023-04-13T19:33:15,0.75,Clear,Clear conditions throughout the day.,clear-day,"72505394728,72055399999,KLGA,KJRB,KNYC,F1417,72503014732"
"New York City, New York",2023-04-14,89.5,62.8,77.8,85.8,62.8,76.7,43.4,30.7,0,0,0,,0,0,16.1,15,201.6,1010.8,16.4,9.9,269.5,23.4,9,10,2023-04-14T06:19:07,2023-04-14T19:34:18,0.8,Clear,Clear conditions throughout the day.,clear-day,"72505394728,72055399999,KLGA,KJRB,KNYC,F1417,72503014732"
"New York City, New York",2023-04-15,74.5,59.2,66.7,74.5,59.2,66.7,56.7,72.2,0.001,100,4.17,rain,0,0,13.9,10.7,89.1,1012,68.4,9.5,168.4,14.5,8,10,2023-04-15T06:17:34,2023-04-15T19:35:21,0.84,"Rain, Partially cloudy",Partly cloudy throughout the day with late afternoon rain.,rain,"72505394728,72055399999,KLGA,KJRB,F8726,KNYC,F1417,72503014732"
"New York City, New York",2023-04-16,69.1,55.6,61.8,69.1,55.6,61.8,55.3,80.3,0,0,0,,0,0,37.8,10.3,45.4,1010.1,77.3,7.6,193.9,16.8,7,10,2023-04-16T06:16:03,2023-04-16T19:36:24,0.87,Partially cloudy,Partly cloudy throughout the day.,partly-cloudy-day,"72505394728,72055399999,KLGA,KJRB,F8726,KNYC,F1417,72503014732"
"New York City, New York",2023-04-17,65.9,53.6,58.2,65.9,53.6,58.2,46.8,71.9,0,0,0,,0,0,27.7,18,296.7,1003.3,83.7,8,123,10.7,8,10,2023-04-17T06:14:32,2023-04-17T19:37:27,0.91,Partially cloudy,Partly cloudy throughout the day.,partly-cloudy-day,"72505394728,72055399999,KLGA,KJRB,KNYC,F1417,72503014732"
"New York City, New York",2023-04-18,57.5,47.3,52.4,57.5,42.1,51.8,29.4,41.3,0,0,0,,0,0,32,18.3,270.7,1007.6,48.6,9.9,125.8,11,5,10,2023-04-18T06:13:02,2023-04-18T19:38:30,0.95,Partially cloudy,Partly cloudy throughout the day.,partly-cloudy-day,"72505394728,KLGA,F8726,KNYC,F1417,72503014732"
"New York City, New York",2023-04-19,64.1,46.1,52.4,64.1,41.8,50.6,29.4,42.2,0,0,0,,0,0,24.2,13.3,286.7,1016.7,50.3,9.9,241.5,21,9,10,2023-04-19T06:11:33,2023-04-19T19:39:33,0.98,Partially cloudy,Partly cloudy throughout the day.,partly-cloudy-day,"72505394728,KLGA,F8726,KNYC,F1417,72503014732"
"New York City, New York",2023-04-20,63.3,47.7,54.2,63.3,43.8,53.2,36.3,51.9,0,0,0,,0,0,11.4,11.2,63.8,1022.3,18.3,9.9,247.6,21.3,9,10,2023-04-20T06:10:05,2023-04-20T19:40:36,0,Clear,Clear conditions throughout the day.,clear-day,"72505394728,72055399999,KLGA,KJRB,F8726,KNYC,F1417,72503014732"
"New York City, New York",2023-04-21,68,51.2,58.6,68,51.2,58.6,45.4,62.6,0,0,0,,0,0,20.8,12.5,75.7,1018.6,34,9.8,270,23.5,9,10,2023-04-21T06:08:37,2023-04-21T19:41:39,0.05,Partially cloudy,Becoming cloudy in the afternoon.,partly-cloudy-day,"72505394728,72055399999,KLGA,KJRB,F8726,KNYC,F1417,72503014732"
"New York City, New York",2023-04-22,67.7,52,58.4,67.7,52,58.4,52,80.3,0.024,100,12.5,rain,0,0,26.4,13.8,60.8,1014.1,71.3,9.4,220.5,19.1,8,10,2023-04-22T06:07:11,2023-04-22T19:42:41,0.08,"Rain, Partially cloudy",Partly cloudy throughout the day with late afternoon rain.,rain,"72505394728,72055399999,KLGA,KJRB,F8726,KNYC,F1417,72503014732"
"New York City, New York",2023-04-23,66.9,53.7,58.8,66.9,53.7,58.8,48,71.7,1.397,100,50,rain,0,0,34.4,14.7,1.7,1011,85.5,7.4,179.4,15.5,10,10,2023-04-23T06:05:45,2023-04-23T19:43:44,0.11,"Rain, Partially cloudy",Partly cloudy throughout the day with rain clearing later.,rain,"72505394728,72055399999,KLGA,KJRB,KNYC,F1417,72503014732"
"New York City, New York",2023-04-24,62,46.1,53.8,62,43.7,53.3,33.9,48.8,0,0,0,,0,0,17.2,9,291.1,1017.4,35,9.9,248.2,21.6,10,10,2023-04-24T06:04:20,2023-04-24T19:44:47,0.14,Partially cloudy,Becoming cloudy in the afternoon.,partly-cloudy-day,"72505394728,72055399999,KLGA,KJRB,KNYC,F1417,72503014732"
"New York City, New York",2023-04-25,58.8,47.8,53.7,58.8,45.3,53.3,34.5,48.7,0,0,0,,0,0,39.1,8,282.8,1021.3,55.2,9.9,179.5,15.4,8,10,2023-04-25T06:02:57,2023-04-25T19:45:50,0.18,Partially cloudy,Becoming cloudy in the afternoon.,partly-cloudy-day,"72505394728,72055399999,KLGA,KJRB,KNYC,F1417,72503014732"
"New York City, New York",2023-04-26,57.7,49.8,53.6,57.7,46.3,53.2,39,58.6,0,0,0,,0,0,33.3,9.1,103.2,1023.6,55.9,9.9,206.3,17.8,8,10,2023-04-26T06:01:34,2023-04-26T19:46:53,0.21,Partially cloudy,Partly cloudy throughout the day.,partly-cloudy-day,"72505394728,72055399999,KLGA,KJRB,KNYC,F1417,72503014732"
"New York City, New York",2023-04-27,56.9,51.2,53.4,56.9,51.2,53.4,44.7,72.7,0,0,0,,0,0,40.3,8,128.8,1023.2,79,9.9,80.4,7.1,4,10,2023-04-27T06:00:12,2023-04-27T19:47:56,0.25,Partially cloudy,Partly cloudy throughout the day.,partly-cloudy-day,"72505394728,72055399999,KLGA,KJRB,F8726,KNYC,F1417,72503014732"
"New York City, New York",2023-04-28,55.1,48.7,51.9,55.1,42.9,51,42.6,71.9,0.01,100,12.5,rain,0,0,24.2,16.7,57.1,1021.1,50.1,9.8,77.1,6.5,3,10,2023-04-28T05:58:51,2023-04-28T19:48:58,0.27,"Rain, Partially cloudy",Clearing in the afternoon with late afternoon rain.,rain,"72505394728,72055399999,KLGA,KJRB,F8726,KNYC,F1417,72503014732"
"New York City, New York",2023-04-29,53.1,47.9,50.4,53.1,41.5,47.8,48.8,94.6,1.536,100,100,rain,0,0,32.2,17,57.3,1012.5,100,3.4,38,3.4,2,10,2023-04-29T05:57:32,2023-04-29T19:50:01,0.31,"Rain, Overcast",Cloudy skies throughout the day with a chance of rain throughout the day.,rain,"72505394728,72055399999,KLGA,KJRB,KNYC,F1417,72503014732"
"New York City, New York",2023-04-30,60.7,50,54.3,60.7,45.3,53.9,53,95.4,2.399,100,50,rain,0,0,30,13.6,64.2,999.5,100,2.6,42.8,3.6,2,10,2023-04-30T05:56:13,2023-04-30T19:51:03,0.34,"Rain, Overcast",Cloudy skies throughout the day with rain.,rain,"72505394728,KLGA,F8726,KNYC,F1417,72503014732"
"New York City, New York",2023-05-01,61,50,56.3,61,44.5,56,41.7,60.6,0.015,100,16.67,rain,0,0,35.6,17.3,256.5,992.3,72.4,9.2,204.7,17.8,7,10,2023-05-01T05:54:56,2023-05-01T19:52:06,0.37,"Rain, Partially cloudy",Partly cloudy throughout the day with early morning rain.,rain,"72505394728,72055399999,KLGA,KJRB,KNYC,F1417,72503014732"
"New York City, New York",2023-05-02,56.9,47.9,52.1,56.9,43.1,51.4,39.9,63.8,0.013,100,16.67,rain,0,0,51.2,18.2,254.8,996.3,71.8,9.9,135.1,11.8,6,10,2023-05-02T05:53:40,2023-05-02T19:53:08,0.4,"Rain, Partially cloudy",Partly cloudy throughout the day with rain in the morning and afternoon.,rain,"72505394728,72055399999,KLGA,KJRB,KNYC,F1417,72503014732"
"New York City, New York",2023-05-03,57.7,47.9,51.8,57.7,43.8,50.8,38.3,60.8,0,0,0,,0,0,17.3,10.1,255.2,999.7,72.4,9.9,131.2,11.4,4,10,2023-05-03T05:52:25,2023-05-03T19:54:10,0.43,Partially cloudy,Partly cloudy throughout the day.,partly-cloudy-day,"72505394728,72055399999,KLGA,KJRB,KNYC,F1417,72503014732"
"New York City, New York",2023-05-04,55.1,48.8,51.3,55.1,45.9,50.5,43.9,75.9,0.004,100,16.67,rain,0,0,44.7,16.5,33.2,1010.9,95.6,9.9,89.3,7.9,5,10,2023-05-04T05:51:11,2023-05-04T19:55:12,0.47,"Rain, Overcast",Cloudy skies throughout the day with rain in the morning and afternoon.,rain,"72505394728,72055399999,KLGA,KJRB,F8726,KNYC,F1417,72503014732"
"New York City, New York",2023-05-05,63,51,55.4,63,51,55.4,44.8,69,0,0,0,,0,0,40.3,13.3,80.3,1022,56.6,9.8,201.6,17.2,9,10,2023-05-05T05:49:59,2023-05-05T19:56:13,0.5,Partially cloudy,Partly cloudy throughout the day.,partly-cloudy-day,"72505394728,72055399999,KLGA,KJRB,KNYC,F1417,72503014732"
"New York City, New York",2023-05-06,73.1,51,60.5,73.1,51,60.5,43.9,58.2,0,0,0,,0,0,31.1,11,259.9,1023.1,24.6,9.9,299.3,25.9,10,10,2023-05-06T05:48:48,2023-05-06T19:57:15,0.53,Partially cloudy,Becoming cloudy in the afternoon.,partly-cloudy-day,"72505394728,72055399999,KLGA,KJRB,KNYC,F1417,72503014732"
"New York City, New York",2023-05-07,76.9,55.2,65.6,76.9,55.2,65.6,44.3,47.3,0.002,100,8.33,rain,0,0,58.6,10.3,236.5,1015.6,16.7,9.9,278.9,23.9,9,10,2023-05-07T05:47:38,2023-05-07T19:58:16,0.57,Rain,Clear conditions throughout the day with late afternoon rain.,rain,"72505394728,72055399999,KLGA,KJRB,KNYC,F1417,72503014732"
"New York City, New York",2023-05-08,78.9,59,68.4,78.9,59,68.4,46.8,49.9,0,0,0,,0,0,27.7,10.1,300.9,1008.6,26,9.9,295.3,25.6,9,10,2023-05-08T05:46:30,2023-05-08T19:59:17,0.61,Partially cloudy,Clearing in the afternoon.,partly-cloudy-day,"72505394728,72055399999,KLGA,KJRB,KNYC,F1417,72503014732"
"New York City, New York",2023-05-09,66.9,56,61.7,66.9,56,61.7,36,39.2,0,0,0,,0,0,40.6,13.3,71.9,1014.6,5.8,9.9,232.6,20,10,10,2023-05-09T05:45:23,2023-05-09T20:00:18,0.64,Clear,Clear conditions throughout the day.,clear-day,"72505394728,72055399999,KLGA,KJRB,KNYC,F1417,72503014732"
"New York City, New York",2023-05-10,71.9,53,61.2,71.9,53,61.2,42.7,52.5,0,0,0,,0,0,53.9,10,230.7,1020.6,0.6,9.9,302.5,26.1,9,10,2023-05-10T05:44:17,2023-05-10T20:01:18,0.68,Clear,Clear conditions throughout the day.,clear-day,"72505394728,72055399999,KLGA,KJRB,KNYC,F1417,72503014732"
"New York City, New York",2023-05-11,79.2,56.2,68,79.2,56.2,68,42.1,40.5,0,0,0,,0,0,48.7,10.3,250.3,1019.2,1,9.9,290,25,9,10,2023-05-11T05:43:13,2023-05-11T20:02:18,0.71,Clear,Clear conditions throughout the day.,clear-day,"72505394728,72055399999,KLGA,KJRB,F8726,KNYC,F1417,72503014732"
"New York City, New York",2023-05-12,83.9,60.5,73.6,81.8,60.5,73,48.3,43,0,0,0,,0,0,53.3,12.5,253.5,1017.6,11.7,9.9,284.4,24.6,10,10,2023-05-12T05:42:11,2023-05-12T20:03:18,0.75,Clear,Clear conditions throughout the day.,clear-day,"72505394728,72055399999,KLGA,KJRB,F8726,KNYC,F1417,72503014732"
"New York City, New York",2023-05-13,79.1,68.2,73.5,79.1,68.2,73.5,49.6,44.5,0,0,0,,0,0,43.6,7,254.5,1016,4,9.9,174.6,14.8,7,10,2023-05-13T05:41:10,2023-05-13T20:04:17,0.78,Clear,Clear conditions throughout the day.,clear-day,"72505394728,72055399999,KLGA,KJRB,KNYC,F1417,72503014732"
"New York City, New York",2023-05-14,75.6,61,67.4,75.6,61,67.4,36.4,32.4,0,0,0,,0,0,40.3,14.2,46.8,1021.4,1.2,9.9,317.9,27.5,10,10,2023-05-14T05:40:10,2023-05-14T20:05:15,0.82,Clear,Clear conditions throughout the day.,clear-day,"72505394728,72055399999,KLGA,KJRB,KNYC,F1417,72503014732"
"New York City, New York",2023-05-15,73.2,55.9,64.6,73.2,55.9,64.6,36.1,35.6,0,0,0,,0,0,48.3,14.5,267.7,1021.9,0.8,9.9,300.1,26,9,10,2023-05-15T05:39:13,2023-05-15T20:06:14,0.86,Clear,Clear conditions throughout the day.,clear-day,"72505394728,72055399999,KLGA,KJRB,F8726,KNYC,F1417,72503014732"
"New York City, New York",2023-05-16,78.1,57.1,68.4,78.1,57.1,68.4,43,42.5,0,0,0,,0,0,48.5,16.9,260.1,1007.4,1.1,9.9,282,24.4,10,10,2023-05-16T05:38:16,2023-05-16T20:07:12,0.89,Clear,Clear conditions throughout the day.,clear-day,"72505394728,72055399999,KLGA,KJRB,F8726,KNYC,F1417,72503014732"
"New York City, New York",2023-05-17,69.3,55,62.3,69.3,55,62.3,35.5,39.5,0,0,0,,0,0,42.3,12.6,1,1008,10.3,9.9,314.5,27.1,10,10,2023-05-17T05:37:22,2023-05-17T20:08:09,0.93,Clear,Clear conditions throughout the day.,clear-day,"72505394728,72055399999,KLGA,KJRB,F8726,KNYC,F1417,72503014732"
"New York City, New York",2023-05-18,60.1,48.6,54.5,60.1,43.8,53.5,33.7,46.9,0,0,0,,0,0,35.3,14.7,94.2,1025.8,0.4,9.9,312.7,27.1,10,10,2023-05-18T05:36:29,2023-05-18T20:09:05,0.96,Clear,Clear conditions throughout the day.,clear-day,"72505394728,72055399999,KLGA,KJRB,F8726,KNYC,F1417,72503014732"
"New York City, New York",2023-05-19,67,53.9,59.9,67,53.9,59.9,47.3,63.8,0,0,0,,0,0,35.8,16.1,175.9,1027.1,9.3,9.8,287.3,24.8,9,10,2023-05-19T05:35:38,2023-05-19T20:10:01,0,Clear,Clear conditions throughout the day.,clear-day,"72505394728,72055399999,KLGA,KJRB,F8726,KNYC,F1417,72503014732"
"New York City, New York",2023-05-20,65,57.6,61.1,65,57.6,61.1,58.4,91,0.885,100,37.5,rain,0,0,16.1,8.1,82.1,1017.4,90.9,4.4,63.2,5.3,2,10,2023-05-20T05:34:48,2023-05-20T20:10:57,0.03,"Rain, Overcast",Cloudy skies throughout the day with rain.,rain,"72505394728,72055399999,KLGA,KJRB,F8726,KNYC,F1417,72503014732"
"New York City, New York",2023-05-21,71,56,64.7,71,56,64.7,50.2,60.9,0.018,100,8.33,rain,0,0,46,11.5,297.6,1014.1,51.9,9.5,204.1,17.6,8,10,2023-05-21T05:34:00,2023-05-21T20:11:52,0.06,"Rain, Partially cloudy",Partly cloudy throughout the day with early morning rain.,rain,"72505394728,72055399999,KLGA,KJRB,KNYC,F1417,72503014732"
"New York City, New York",2023-05-22,74,59,65,74,59,65,50.3,59.8,0,0,0,,0,0,35.7,11.3,81.6,1021.5,0.9,9.9,263.8,22.8,9,10,2023-05-22T05:33:14,2023-05-22T20:12:46,0.1,Clear,Clear conditions throughout the day.,clear-day,"72505394728,72055399999,KLGA,KJRB,F8726,KNYC,F1417,72503014732"
"New York City, New York",2023-05-23,67.7,56.9,60.5,67.7,56.9,60.5,47.3,63.1,0,0,0,,0,0,45.9,12.2,96.9,1026.7,28.1,9.9,277.2,24,9,10,2023-05-23T05:32:30,2023-05-23T20:13:39,0.13,Partially cloudy,Clearing in the afternoon.,partly-cloudy-day,"72505394728,72055399999,KLGA,KJRB,F8726,KNYC,F1417,72503014732"
"New York City, New York",2023-05-24,75.8,55.9,63.1,75.8,55.9,63.1,43.7,50.3,0.004,100,8.33,rain,0,0,50.6,13.6,59.8,1018.4,21.2,9.9,264.1,22.8,8,10,2023-05-24T05:31:48,2023-05-24T20:14:31,0.16,"Rain, Partially cloudy",Partly cloudy throughout the day with late afternoon rain.,rain,"72505394728,72055399999,KLGA,KJRB,F8726,KNYC,F1417,72503014732"
"New York City, New York",2023-05-25,69.9,52,60.8,69.9,52,60.8,40,47.9,0,0,0,,0,0,44.1,11.6,50.6,1020.2,13.2,9.9,326.6,28,10,10,2023-05-25T05:31:07,2023-05-25T20:15:23,0.19,Clear,Clear conditions throughout the day.,clear-day,"72505394728,72055399999,KLGA,KJRB,F8726,KNYC,F1417,72503014732"
"New York City, New York",2023-05-26,74.7,56.7,64.8,74.7,56.7,64.8,39.7,41.4,0,0,0,,0,0,48.3,13.6,48,1024.6,3.7,9.9,324.2,27.9,10,10,2023-05-26T05:30:28,2023-05-26T20:16:13,0.23,Clear,Clear conditions throughout the day.,clear-day,"72505394728,72055399999,KLGA,KJRB,F8726,KNYC,F1417,72503014732"
"New York City, New York",2023-05-27,77,60,66.9,77,60,66.9,42,41.6,0,0,0,,0,0,36.7,10,171,1025.9,1,9.9,312.8,27,9,10,2023-05-27T05:29:52,2023-05-27T20:17:03,0.25,Clear,Clear conditions throughout the day.,clear-day,"72505394728,72055399999,KLGA,KJRB,F8726,KNYC,F1417,72503014732"
"New York City, New York",2023-05-28,76,59.1,67.1,76,59.1,67.1,44,44.4,0,0,0,,0,0,39.1,8.2,227,1020.7,1,9.9,312.1,27,10,10,2023-05-28T05:29:17,2023-05-28T20:17:52,0.29,Clear,Clear conditions throughout the day.,clear-day,"72505394728,72055399999,KLGA,KJRB,F8726,KNYC,F1417,72503014732"
"New York City, New York",2023-05-29,76.9,61.1,67.8,76.9,61.1,67.8,49.7,53.6,0,0,0,,0,0,23.8,16.8,80.2,1017.2,0.8,9.9,305.1,26.6,9,10,2023-05-29T05:28:44,2023-05-29T20:18:39,0.32,Clear,Clear conditions throughout the day.,clear-day,"72505394728,72055399999,KLGA,KJRB,F8726,KNYC,F1417,72503014732"
"New York City, New York",2023-05-30,69.2,56,62.2,69.2,56,62.2,47.3,59,0.037,100,4.17,rain,0,0,37.8,14.5,62.4,1022.9,1.5,9.7,307.6,26.7,9,10,2023-05-30T05:28:12,2023-05-30T20:19:26,0.36,Rain,Clear conditions throughout the day with morning rain.,rain,"72505394728,72055399999,KLGA,KJRB,KNYC,F1417,72503014732"
"New York City, New York",2023-05-31,73.2,55,63.6,73.2,55,63.6,51.3,66.3,0,0,0,,0,0,43.6,10.1,91.7,1022.6,1,9.6,316.9,27.5,10,10,2023-05-31T05:27:43,2023-05-31T20:20:12,0.39,Clear,Clear conditions throughout the day.,clear-day,"72505394728,72055399999,KLGA,KJRB,KNYC,F1417,72503014732"
"New York City, New York",2023-06-01,82.3,61,69.6,82.1,61,69.6,56.1,64.4,0.009,100,4.17,rain,0,0,48.3,8,245.4,1019,0.3,9.7,308.4,26.6,9,10,2023-06-01T05:27:16,2023-06-01T20:20:56,0.42,Rain,Clear conditions throughout the day with morning rain.,rain,"72505394728,72055399999,KLGA,KJRB,F8726,KNYC,F1417,72503014732"
"New York City, New York",2023-06-02,86.1,63.2,73.3,85.6,63.2,73,57.3,60,0.011,100,4.17,rain,0,0,44.7,10.1,166.3,1013.1,8.1,9.5,287.3,24.9,10,10,2023-06-02T05:26:51,2023-06-02T20:21:39,0.45,Rain,Clear conditions throughout the day with late afternoon rain.,rain,"72505394728,72055399999,KLGA,KJRB,F8726,KNYC,F1417,72503014732"
"New York City, New York",2023-06-03,70,57.8,65.8,70,57.8,65.8,55.2,68.7,0,0,0,,0,0,25.3,16.8,52.9,1015.2,82,9.8,91.1,7.9,3,10,2023-06-03T05:26:27,2023-06-03T20:22:21,0.5,Partially cloudy,Partly cloudy throughout the day.,partly-cloudy-day,"72505394728,72055399999,KLGA,KJRB,KNYC,F1417,72503014732"
"New York City, New York",2023-06-04,69.9,53,60.8,69.9,53,60.8,45.4,58.2,0.009,100,4.17,rain,0,0,24.2,16.7,48.6,1016.8,79,9.9,186.8,16.2,7,10,2023-06-04T05:26:06,2023-06-04T20:23:02,0.52,"Rain, Partially cloudy",Partly cloudy throughout the day with morning rain.,rain,"72505394728,72055399999,KLGA,KJRB,F8726,KNYC,F1417,72503014732"
"New York City, New York",2023-06-05,75.8,57.7,66.5,75.8,57.7,66.5,46.8,50.3,0.009,100,4.17,rain,0,0,39.1,12.5,355.8,1011.9,37.6,9.8,238.7,20.6,8,10,2023-06-05T05:25:46,2023-06-05T20:23:41,0.55,"Rain, Partially cloudy",Becoming cloudy in the afternoon with morning rain.,rain,"72505394728,72055399999,KLGA,KJRB,F8726,KNYC,F1417,72503014732"
"New York City, New York",2023-06-06,80.7,62.8,69.3,79.5,62.8,69.2,45.5,43.1,0,0,0,,0,0,47.2,7.9,278.1,1005.1,10.8,7.1,237,20.5,9,10,2023-06-06T05:25:29,2023-06-06T20:24:19,0.59,Clear,Clear conditions throughout the day.,clear-day,"72505394728,72055399999,KLGA,KJRB,F8726,KNYC,F1417,72503014732"
"New York City, New York",2023-06-07,71.7,59,65.1,71.7,59,65.1,43.6,46.2,0,0,0,,0,0,25.3,8.2,293.7,1003.9,15.9,4.2,164.2,14.2,6,10,2023-06-07T05:25:14,2023-06-07T20:24:56,0.63,Clear,Clear conditions throughout the day.,clear-day,"72505394728,72055399999,KLGA,KJRB,KNYC,F1417,72503014732"
"New York City, New York",2023-06-08,71.9,57.7,64.9,71.9,57.7,64.9,46.3,51.5,0,0,0,,0,0,42.5,9.1,284.3,1006.1,41.8,6.6,207,17.8,8,10,2023-06-08T05:25:00,2023-06-08T20:25:31,0.66,Partially cloudy,Becoming cloudy in the afternoon.,partly-cloudy-day,"72505394728,72055399999,KLGA,KJRB,F8726,KNYC,F1417,72503014732"
"New York City, New York",2023-06-09,71.8,59,65.1,71.8,59,65.1,49.3,57.4,0,0,0,,0,0,39.1,10.3,287.4,1007.2,65.8,9.8,225.8,19.4,9,10,2023-06-09T05:24:49,2023-06-09T20:26:05,0.7,Partially cloudy,Partly cloudy throughout the day.,partly-cloudy-day,"72505394728,72055399999,KLGA,KJRB,F8726,KNYC,F1417,72503014732"
"New York City, New York",2023-06-10,78.9,59,68.4,78.9,59,68.4,51,55.4,0.009,100,4.17,rain,0,0,42.5,7,300.3,1008.7,36.5,9.7,282,24.4,10,10,2023-06-10T05:24:39,2023-06-10T20:26:37,0.75,"Rain, Partially cloudy",Becoming cloudy in the afternoon with morning rain.,rain,"72505394728,72055399999,KLGA,KJRB,KNYC,F1417,72503014732"
"New York City, New York",2023-06-11,80.1,65.9,71.8,80.3,65.9,71.8,57.9,62.7,0.047,100,12.5,rain,0,0,37.8,7.7,108.9,1011.2,27.3,9.7,230.4,19.9,7,10,2023-06-11T05:24:32,2023-06-11T20:27:08,0.77,"Rain, Partially cloudy",Becoming cloudy in the afternoon with rain.,rain,"72505394728,72055399999,KLGA,KJRB,KNYC,F1417,72503014732"
"New York City, New York",2023-06-12,75.1,66.3,70.3,75.1,66.3,70.3,62.7,77.3,0.108,100,29.17,rain,0,0,35.6,14.7,120.2,1007.4,57.9,8.8,158.9,13.7,6,10,2023-06-12T05:24:26,2023-06-12T20:27:37,0.8,"Rain, Partially cloudy",Becoming cloudy in the afternoon with rain.,rain,"72505394728,72055399999,KLGA,KJRB,F8726,KNYC,F1417,72503014732"
"New York City, New York",2023-06-13,78.2,65,71.2,78.2,65,71.2,55.5,60.6,0.037,100,4.17,rain,0,0,58.6,11.1,266.7,1004.8,58.8,9.4,287.9,24.9,9,10,2023-06-13T05:24:23,2023-06-13T20:28:04,0.84,"Rain, Partially cloudy",Partly cloudy throughout the day with late afternoon rain.,rain,"72505394728,72055399999,KLGA,KJRB,KNYC,F1417,72503014732"
"New York City, New York",2023-06-14,76.9,65,68.5,76.9,65,68.5,56.3,65.7,0.04,100,16.67,rain,0,0,33,18.9,245.7,1001.7,27.4,9.5,181.2,15.4,8,30,2023-06-14T05:24:21,2023-06-14T20:28:30,0.87,"Rain, Partially cloudy",Partly cloudy throughout the day with rain.,rain,"72505394728,72055399999,KLGA,KJRB,KNYC,F1417,72503014732"
"New York City, New York",2023-06-15,78.9,62,70.3,78.9,62,70.3,54.2,57.9,0.119,100,8.33,rain,0,0,48.3,14.2,271.6,1003.5,40.8,9.9,233,20.1,7,10,2023-06-15T05:24:21,2023-06-15T20:28:54,0.91,"Rain, Partially cloudy",Partly cloudy throughout the day with rain.,rain,"72505394728,72055399999,KLGA,KJRB,KNYC,F1417,72503014732"
"New York City, New York",2023-06-16,80,65,68.8,80,65,68.8,56.3,65.6,0.358,100,20.83,rain,0,0,51.7,11.1,357.6,1006.4,33.9,9.5,180.9,15.7,8,10,2023-06-16T05:24:24,2023-06-16T20:29:16,0.95,"Rain, Partially cloudy",Becoming cloudy in the afternoon with rain in the morning and afternoon.,rain,"72505394728,72055399999,KLGA,KJRB,KNYC,F1417,72503014732"
"New York City, New York",2023-06-17,78.9,62.9,69.7,78.9,62.9,69.7,54.1,60.2,0,0,0,,0,0,44.7,8.3,316.5,1005.2,54,9.7,241.6,21,8,10,2023-06-17T05:24:28,2023-06-17T20:29:37,0.98,Partially cloudy,Partly cloudy throughout the day.,partly-cloudy-day,"72505394728,72055399999,KLGA,KJRB,KNYC,F1417,72503014732"
"New York City, New York",2023-06-18,80.9,64.1,72.3,80.6,64.1,72.3,53.2,51.5,0.027,100,8.33,rain,0,0,52.6,10.3,275.6,1010.5,33.2,9.9,284.5,24.7,9,10,2023-06-18T05:24:34,2023-06-18T20:29:56,0,"Rain, Partially cloudy",Partly cloudy throughout the day with afternoon rain.,rain,"72505394728,72055399999,KLGA,KJRB,KNYC,F1417,72503014732"
"New York City, New York",2023-06-19,78.3,66.8,71.3,78.3,66.8,71.3,58.5,64.5,0,0,0,,0,0,18.3,13.4,82.1,1017.3,16.6,9.9,286.8,24.8,9,10,2023-06-19T05:24:42,2023-06-19T20:30:13,0.05,Clear,Clear conditions throughout the day.,clear-day,"72505394728,72055399999,KLGA,KJRB,KNYC,F1417,72503014732"
"New York City, New York",2023-06-20,77,64.1,69.2,77,64.1,69.2,57.4,67.1,0,0,0,,0,0,17.2,11.2,55.5,1022.4,49.8,9.9,245.8,21,9,10,2023-06-20T05:24:52,2023-06-20T20:30:28,0.08,Partially cloudy,Partly cloudy throughout the day.,partly-cloudy-day,"72505394728,72055399999,KLGA,KJRB,KNYC,F1417,72503014732"
"New York City, New York",2023-06-21,71.9,62.1,66.6,71.9,62.1,66.6,55.1,67,0,0,0,,0,0,24.6,17.1,49.4,1024.4,54.6,9.9,203.3,17.5,6,10,2023-06-21T05:25:03,2023-06-21T20:30:41,0.11,Partially cloudy,Partly cloudy throughout the day.,partly-cloudy-day,"72505394728,72055399999,KLGA,KJRB,KNYC,F1417,72503014732"
"New York City, New York",2023-06-22,71,60.2,65.5,71,60.2,65.5,56,71.9,0,0,0,,0,0,28.6,19.4,43.9,1021.2,98.8,9.5,97.1,8.4,3,10,2023-06-22T05:25:17,2023-06-22T20:30:52,0.15,Overcast,Cloudy skies throughout the day.,cloudy,"72505394728,72055399999,KLGA,KJRB,KNYC,F1417,72503014732"
"New York City, New York",2023-06-23,70.2,65,67.2,70.2,65,67.2,63.5,87.9,0.011,100,8.33,rain,0,0,10.3,9.1,80.7,1017.1,97,9.4,62.5,5.3,2,10,2023-06-23T05:25:32,2023-06-23T20:31:02,0.18,"Rain, Overcast",Cloudy skies throughout the day with rain in the morning and afternoon.,rain,"72505394728,72055399999,KLGA,KJRB,KNYC,F1417,72503014732"
"New York City, New York",2023-06-24,79,68.1,72.5,79,68.1,72.5,67.9,86.1,0.05,100,16.67,rain,0,0,16.1,10.4,157.5,1011.2,72.7,7.7,159.6,13.9,6,30,2023-06-24T05:25:49,2023-06-24T20:31:09,0.21,"Rain, Partially cloudy",Partly cloudy throughout the day with rain clearing later.,rain,"72505394728,72055399999,KLGA,KJRB,KNYC,F1417,72503014732"
"New York City, New York",2023-06-25,84.5,69.9,75.1,87.1,69.9,75.5,67.5,78.3,0.018,100,4.17,rain,0,0,31.1,11.4,170.4,1009.8,20,9.8,220.6,19,10,30,2023-06-25T05:26:08,2023-06-25T20:31:15,0.24,Rain,Partly cloudy throughout the day with afternoon rain.,rain,"72505394728,72055399999,KLGA,KJRB,KNYC,F1417,72503014732"
"New York City, New York",2023-06-26,79,69.8,72.8,79,69.8,72.8,67.6,84.4,0.02,100,12.5,rain,0,0,55.3,12.5,58.3,1007.9,52.3,9.1,126.2,10.8,5,10,2023-06-26T05:26:29,2023-06-26T20:31:19,0.25,"Rain, Partially cloudy",Partly cloudy throughout the day with rain in the morning and afternoon.,rain,"72505394728,72055399999,KLGA,KJRB,KNYC,F1417,72503014732"
"New York City, New York",2023-06-27,80.7,66.9,71.9,83.1,66.9,72,66.4,83.8,0.017,100,25,rain,0,0,37.4,9,191.8,1006,54.6,9.1,160.4,13.7,7,10,2023-06-27T05:26:51,2023-06-27T20:31:20,0.31,"Rain, Partially cloudy",Partly cloudy throughout the day with rain.,rain,"72505394728,72055399999,KLGA,KJRB,F8726,KNYC,F1417,72503014732"
"New York City, New York",2023-06-28,82.1,68,74.1,83.8,68,74.5,63.7,71.1,0,0,0,,0,0,44.4,9,250.4,1009.5,52.6,9.4,215.7,18.7,8,30,2023-06-28T05:27:15,2023-06-28T20:31:20,0.34,Partially cloudy,Partly cloudy throughout the day.,partly-cloudy-day,"72505394728,72055399999,KLGA,KJRB,KNYC,F1417,72503014732"
"New York City, New York",2023-06-29,82.9,66.7,74.4,82.6,66.7,74.4,59.9,61.8,0.018,100,8.33,rain,0,0,55.3,7.6,249,1015.9,37.5,8.4,274,23.9,10,10,2023-06-29T05:27:40,2023-06-29T20:31:18,0.38,"Rain, Partially cloudy",Partly cloudy throughout the day with rain in the morning and afternoon.,rain,"72505394728,72055399999,KLGA,KJRB,KNYC,F1417,72503014732"
"New York City, New York",2023-06-30,83.9,69.2,75.8,84.2,69.2,75.9,62.2,64.8,0.027,100,12.5,rain,0,0,46.1,11.4,213.9,1017.7,8.1,5.4,264.3,22.9,8,10,2023-06-30T05:28:07,2023-06-30T20:31:13,0.41,Rain,Clear conditions throughout the day with afternoon rain.,rain,"72505394728,72055399999,KLGA,KJRB,KNYC,F1417,72503014732"
